spotify_primary_artist_name,musicbrainz_artist_gender
IDK,male
Mark Chesnutt,male
George Strait,male
Keith Urban,male
Kimbra,female
Madonna,female
Les Paul,male
Curtis Mayfield,male
Russ,male
Macklemore,male
Babyface Ray,male
Niko Moon,male
Tory Lanez,male
Jackson Wang,male
Jacquees,male
EST Gee,male
Joey Bada$$,male
Eric Clapton,male
Noah Cyrus,female
Dave Koz,male
Nancy Wilson,female
Steven Wilson,male
Kim Wilde,female
Mary Hopkin,female
Vince Staples,male
Master P,male
Michael Bublé,male
Morrissey,male
Metro Boomin,male
Enrique Iglesias,male
BENEE,female
DaBaby,male
Roddy Ricch,male
Ne-Yo,male
Britney Spears,female
Barbra Streisand,female
Cheryl Lynn,female
Elvis Presley,male
Janis Joplin,female
Tammy Wynette,female
Frank Sinatra,male
John Lennon,male
Roberta Flack,female
Jason Mraz,male
Marvin Gaye,male
Paul Davis,male
Baby Bash,male
John Hartford,male
Alexis Spight,female
M.I.A.,female
Earl Sweatshirt,male
Johnny Cash,male
Shanice,female
David Bowie,male
Teyana Taylor,female
Boz Scaggs,male
Patti Smith,female
T-Pain,male
Michael Jackson,male
Imogen Heap,female
Tove Lo,female
Jason Derulo,male
Future,male
Buddy Holly,male
"Tyler, The Creator",male
Tech N9ne,male
Seal,male
Teena Marie,female
Luciano Pavarotti,male
YG,male
Martika,female
Henry Mancini,male
Rick James,male
Trick Daddy,male
Taylor Swift,female
Lil Durk,male
Lee Ritenour,male
Julian Cope,male
Ghostface Killah,male
Wyclef Jean,male
Cham,male
DJ Khaled,male
Dion,male
Jeff Buckley,male
Keith Richards,male
Tom Petty,male
Daddy Yankee,male
Céline Dion,female
Lucinda Williams,female
Kishi Bashi,male
Blake Shelton,male
Phil Collins,male
Kristinia DeBarge,female
Chris Brown,male
Diana Ross,female
Elton John,male
Aretha Franklin,female
Shakira,female
Cody Simpson,male
Noah Kahan,male
Sampha,male
Yo-Yo Ma,male
Roger McGuinn,male
Jackson Browne,male
Jaden,male
Estelle,female
Carly Rae Jepsen,female
SZA,female
Charlotte Church,female
Peter Gabriel,male
Kelly Clarkson,female
Norah Jones,female
Damien Jurado,male
A Boogie Wit da Hoodie,male
Monica,female
Richard Thompson,male
Jessi Colter,female
Chingy,male
Akon,male
"Royce Da 5'9""",male
Krizz Kaliko,male
E-40,male
T.I.,male
Jon Batiste,male
"Evelyn ""Champagne"" King",female
Pitbull,male
Nik Kershaw,male
TobyMac,male
Ledisi,female
Rod Stewart,male
Aesop Rock,male
Duran Duran,male
Juan Gabriel,male
Miguel,male
Patrick Stump,male
Gregg Allman,male
Rick Astley,male
Luis Fonsi,male
Jack Johnson,male
Kelly Rowland,female
Shannon Brown,female
Jeannie C. Riley,female
Paul McCartney,male
Trey Songz,male
Toni Braxton,female
AZ,male
Kevin Gates,male
Meghan Trainor,female
Leon Russell,male
Faith Evans,female
Lily Allen,female
David Byrne & Fatboy Slim,male
Thundercat,male
Ryan Star,male
Steve Perry,male
Hilary Duff,female
Paloma Faith,female
Paul van Dyk,male
Trisha Yearwood,female
Matthew Sweet,male
Tim McGraw,male
Jessie J,female
Miles Davis,male
Miranda Cosgrove,female
R. Kelly,male
Sheryl Crow,female
Ryan Leslie,male
Ednita Nazario,female
Soulja Boy,male
Yelawolf,male
Trinere,female
Romeo Santos,male
Rittz,male
Lil' Flip,male
Luis Miguel,male
Serena Ryder,female
Pimp C,male
Buddy Guy,male
St. Vincent,female
Ivy Queen,female
Black Rob,male
Lady Gaga,female
Laura Marling,female
Liam Gallagher,male
Harry Styles,male
Peter Tosh,male
Alicia Keys,female
Adam Lambert,male
Alison Moyet,female
Nelly Furtado,female
Kenny G,male
PJ Morton,male
Nichole Nordeman,female
Brantley Gilbert,male
Jermaine Dupri,male
Melanie Fiona,female
George Harrison,male
Kylie Minogue,female
Miguel Bosé,male
Dua Lipa,female
Big Boi,male
Hitman Sammy Sam,male
David Guetta,male
Moby,male
Giorgio Moroder,male
Jennifer Lopez,female
Josh Groban,male
Lee DeWyze,male
Ciara,female
Brooke Hogan,female
Eddie Money,male
P!nk,female
George Ezra,male
Bob Dylan,male
Plumb,female
Willie Nile,male
Jimmy Somerville,male
Dolly Parton,female
Anthony Hamilton,male
Samantha Fox,female
Colbie Caillat,female
Mark Schultz,male
Jessica Simpson,female
Celly Cel,male
Zach Williams,male
Natalie Grant,female
Francesca Battistelli,female
Danny Gokey,male
Gregory Porter,male
Slim Thug,male
The Game,male
Diana Krall,female
Tech N9ne Collabos,male
Trippie Redd,male
Paulina Rubio,female
Kate Bush,female
Chris Cornell,male
Ralph Stanley,male
Slash,male
George Jones,male
Mike Oldfield,male
Engelbert Humperdinck,male
Angie Stone,female
Natalia Kills,female
Jeremy Camp,male
KSI,male
Dan Hartman,male
Alicia Villarreal,female
Justin Bieber,male
Rakim,male
Andrea Bocelli,male
Nas,male
Niall Horan,male
Cristian Castro,male
Pastor Troy,male
The Weeknd,male
The-Dream,male
Robin Thicke,male
Vince Gill,male
LeToya,female
India.Arie,female
Steve Winwood,male
Sara Bareilles,female
Cher,female
Dave Mason,male
Belinda Carlisle,female
Carlos Vives,male
Chase Rice,male
BRELAND,male
Alanis Morissette,female
Mike Shinoda,male
Wrekonize,male
Robert Knight,male
Marianne Faithfull,female
Keb' Mo',male
Van Hunt,male
Jewel,female
Logic,male
Curren$y,male
Eric Gale,male
Dionne Warwick,female
Young Dolph,male
Lil Wyte,male
Patrick Hernandez,male
Iggy Azalea,female
Bill Engvall,male
ScHoolboy Q,male
Passenger,male
Stevie Stone,male
JID,male
Sting,male
Dido,female
Ellie Goulding,female
Kelis,female
Zacardi Cortez,male
Dusty Springfield,female
Rick Trevino,male
Lil Mosey,male
Mandy Moore,female
Kool Moe Dee,male
Frank Turner,male
Gucci Mane,male
Young Dro,male
Lou Reed,male
Justin Townes Earle,male
Fabolous,male
Trace Adkins,male
Jimmie Allen,male
Nelly,male
Barry White,male
Kenny Rogers,male
JoJo,female
Chrisette Michele,female
Jerry Garcia,male
Fetty Wap,male
Fredo Bang,male
Candi Staton,female
Rob Zombie,male
Anthony Phillips,male
Tommy Lee,male
Project Pat,male
Sérgio Mendes,male
Matt Berninger,male
Lisa Stansfield,female
Ludacris,male
BigWalkDog,male
Grimes,female
Deborah Cox,female
Robert Gordon,male
Ruben Studdard,male
Lil Scrappy,male
Bunny Sigler,male
Justin Moore,male
Ashton Shepherd,female
Peter Frampton,male
Hank Williams III,male
Serj Tankian,male
Lil Jon,male
Rick Ross,male
Shawn Mendes,male
Jhené Aiko,female
Carrie Underwood,female
Waka Flocka Flame,male
Calum Scott,male
Wynton Marsalis,male
Luke James,male
Key Glock,male
Meredith Andrews,female
Wiz Khalifa,male
NAV,male
Summer Walker,female
Tevin Campbell,male
Kate Voegele,female
Alice Cooper,male
Moneybagg Yo,male
J Alvarez,male
Gloria Gaynor,female
Joe Cocker,male
Bill Wyman,male
Chris Isaak,male
Glenn Frey,male
Diane Birch,female
Joss Stone,female
Paul Oakenfold,male
Brett Dennen,male
Trae Tha Truth,male
Thalia,female
Jason Castro,male
Devendra Banhart,male
Mayer Hawthorne,male
G Herbo,male
HARDY,female
DJ Shadow,male
Janis Ian,female
Ted Nugent,male
Harry Nilsson,male
Billy Swan,male
Johnny Nash,male
Michael Martin Murphey,male
Walter Egan,male
Melissa Manchester,female
Edgar Winter,male
Melanie,female
Terry Jacks,male
Willie Nelson,male
Jerry Reed,male
Billy Paul,male
Lynn Anderson,female
Lou Rawls,male
Teddy Pendergrass,male
Marilyn McCoo,female
Vicki Sue Robinson,female
Phyllis Hyman,female
P.O.S,male
Mack 10,male
Ricky Martin,male
PinkPantheress,female
Big Sean,male
Janet Jackson,female
Regina Spektor,female
Sada Baby,male
Frank Zappa,male
deadmau5,male
El DeBarge,male
Lana Del Rey,female
Tate McRae,female
Tom Cochrane,male
Gracie Abrams,female
Yo Gotti,male
Amanda Palmer,female
girl in red,female
Nellie McKay,female
Tony Dize,male
Luke,male
Gunna,male
Lianne La Havas,female
Nat King Cole,male
Bobby Sherman,male
Iron & Wine,male
Sammi Smith,female
Yeat,male
B.B. King,male
Otis Redding,male
Jamie Foxx,male
Bobby Jones,male
Ravi Shankar,male
Jeremy Zucker,male
Lloyd,male
Rumer,female
Keyshia Cole,female
VaShawn Mitchell,male
Ricardo Arjona,male
Amy Macdonald,female
K. Michelle,female
Amil,female
St. Lucia,male
Lyfe Jennings,male
David Porter,male
Juice WRLD,male
Duane Allman,male
Ace Hood,male
EDEN,male
Common,male
Rachael Yamagata,female
Shyheim,male
Granger Smith,male
Alejandro Sanz,male
Phillip Phillips,male
Tyga,male
Anthony Green,male
David Gilmour,male
Canibus,male
Jim Jones,male
Sabrina Carpenter,female
Jenny Lewis,female
iann dior,male
JAY-Z,male
Machine Gun Kelly,male
Slick Rick,male
Mary Lambert,female
Lil Wayne,male
Xzibit,male
MIKA,male
KT Tunstall,female
Inspectah Deck,male
Ray Cash,male
Kaskade,male
DMX,male
Sleepy Hallow,male
Solange,female
Michael McDonald,male
Jack White,male
Paul Baloche,male
Shelby Lynne,female
Troye Sivan,male
YoungBoy Never Broke Again,male
Louis Tomlinson,male
Flo Milli,female
B.G.,male
Ari Lennox,female
Kem,male
Lizzy McAlpine,female
2 Chainz,male
Travis Barker,male
Mariah Carey,female
Kid Cudi,male
Ivan Cornejo,male
Post Malone,male
YUNGBLUD,male
Emeli Sandé,female
Mark Knopfler,male
Twista,male
Kavinsky,male
Tori Amos,female
Erick Sermon,male
G-Eazy,male
Brother Ali,male
Tones And I,female
Muni Long,female
Erykah Badu,female
AURORA,female
Rob Thomas,male
Lil Yachty,male
Nessa Barrett,female
C-Murder,male
Eladio Carrion,male
DJ Quik,male
Meek Mill,male
David Clayton-Thomas,male
J Balvin,male
Don Toliver,male
Blood Raw,male
Teairra Marí,female
Shyne,male
Faith Hill,female
Gary Allan,male
Billy Currington,male
Myles Kennedy,male
blackbear,male
Nick Jonas,male
David Archuleta,male
Marco Antonio Solís,male
Remy Ma,female
Sha EK,male
Anna Nalick,female
Mark Morrison,male
PARTYNEXTDOOR,male
Laura Mvula,female
Warren G,male
Roger Waters,male
Asher Roth,male
Trina,female
Amos Lee,male
Eve,female
Gorilla Zoe,male
Kris Kristofferson,male
Ja Rule,male
Roscoe Dash,male
Montana of 300,male
Yandel,male
David Gray,male
NLE Choppa,male
Ice Cube,male
Jaheim,male
The White Buffalo,male
Raekwon,male
Jill Scott,female
Gary Numan,male
Birdman,male
Spice 1,male
Donna Summer,female
David Soul,male
Young Nudy,male
Natalia Jiménez,female
Boney James,male
City and Colour,male
Chris Tomlin,male
PnB Rock,male
6LACK,male
Nicki Minaj,female
Russell Dickerson,male
Young M.A,female
GloRilla,female
Redman,male
Kygo,male
Germán Montero,male
Justin Furstenfeld,male
David Bromberg,male
Stevie Wonder,male
Al Wilson,male
Yung Joc,male
Larry June,male
George Michael,male
Mary J. Blige,female
Chris Janson,male
Ry Cooder,male
Wild Nothing,male
Steve Aoki,male
KYLE,male
Eric Benét,male
Prince Royce,male
Warren Haynes,male
Kodak Black,male
Polo G,male
Rachael Lampa,female
Lil' Kim,female
Daley,male
Sheff G,male
Flux Pavilion,male
Juanes,male
Donald Lawrence & Company,male
Jake Owen,male
John Denver,male
Tamar Braxton,female
Flo Rida,male
Jem,female
Van Morrison,male
Ty Dolla $ign,male
Dessa,female
Christian Nodal,male
Everlast,male
Petey Pablo,male
Rapsody,female
Noah Gundersen,male
Patty Griffin,female
James Blunt,male
Katie Melua,female
Drag-On,male
H.E.R.,female
Josh Ritter,male
Roy Woods,male
John Mellencamp,male
Lindsey Buckingham,male
Bryson Tiller,male
Grayson Hugh,male
Selena,female
Anastacia,female
Alejandro Fernández,male
Michael Bolton,male
Jamie Cullum,male
Sasha,male
David Bisbal,male
Chaka Khan,female
Evidence,male
Nate Dogg,male
Irene Cara,female
Devin The Dude,male
Foy Vance,male
Benny The Butcher,male
Travis Tritt,male
Randy Travis,male
Aimee Mann,female
M.C. Breed & DFC.,male
Queen Naija,female
Jeezy,male
Bobby Womack,male
El Dasa,male
Special Ed,male
Laura Story,female
Plies,male
Levon Helm,male
Les Claypool,male
Stevie Nicks,female
Brandy,female
Boots Randolph,male
Zakk Wylde,male
Bonnie Tyler,female
Charley Crockett,male
Melinda Doolittle,female
Lil Tjay,male
Oliver Tree,male
Matt Maher,male
Tauren Wells,male
Lincoln Brewster,male
Kevin Devine,male
Esperanza Spalding,female
Blake Lewis,male
Chamillionaire,male
Paul Thorn,male
Linda Ronstadt,female
Fantasia,female
Missy Elliott,female
Z-Ro,male
Marshmello,male
Josh Krajcik,male
Yung Berg,male
Lou Bega,male
Todd Rundgren,male
Steady B,male
Peter Brown,male
Julien Baker,female
Jenni Rivera,female
Cordae,male
John Prine,male
Cappadonna,male
Mr. Cheeks,male
David Banner,male
Uncle Kracker,male
YNW Melly,male
Kali Uchis,female
Courtney Barnett,female
Prince Paul,male
JT Money,male
John Mayer,male
Natalie Cole,female
Sturgill Simpson,male
Beanie Sigel,male
Lenny Kravitz,male
Joe Bonamassa,male
Emmylou Harris,female
Five For Fighting,male
Snoop Dogg,male
Nigo,male
Basia,female
Todd Agnew,male
Chingo Bling,male
Jim Croce,male
Slaine,male
Prince,male
Martha Munizzi,female
YFN Lucci,male
DJ Kay Slay,male
Paul Wall,male
Todd Dulaney,male
Busta Rhymes,male
Obie Trice,male
Andrew McMahon in the Wilderness,male
Arcángel,male
Halsey,female
Mark Ronson,male
Bonobo,male
Mason Williams,male
Dierks Bentley,male
Lil' Troy,male
Pleasure P,male
Jason Gray,male
Colter Wall,male
Pusha T,male
B.o.B,male
Tasha Cobbs Leonard,female
Taj Mahal,male
Rivers Cuomo,male
Ski Mask The Slump God,male
Method Man,male
Keith Anderson,male
Franco De Vita,male
Lloyd Banks,male
Jimmy Buffett,male
Dillon Francis,male
Yukmouth,male
Aaron Neville,male
Avril Lavigne,female
DJ Sammy,male
Mac DeMarco,male
Heavy D,male
Lucas Hoge,male
Meat Loaf,male
Erica Campbell,female
Rah Digga,female
Darryl Worley,male
Josh Turner,male
B Rich,male
Fivio Foreign,male
Kenny Chesney,male
Eric Church,male
Kanye West,male
Latto,female
Gloria Estefan,female
Olivia Newton-John,female
Alexander O'Neal,male
Ella Mai,female
Suzanne Vega,female
Ed Sheeran,male
dodie,female
Pharoahe Monch,male
Rosie O'Donnell,female
Bubba Sparxxx,male
Billie Eilish,female
Delta Goodrem,female
Jaguar Wright,female
Tori Kelly,female
Joyner Lucas,male
Rappin' 4-Tay,male
Canton Jones,male
Don Q,male
Tinie Tempah,male
Sarah Brightman,female
A$AP Rocky,male
Blueface,male
Jon Pardi,male
Maren Morris,female
Chris Young,male
Fatboy Slim,male
Bruce Cockburn,male
Tee Grizzley,male
Talib Kweli,male
Blanca,female
Money Man,male
2 Pistols,male
Shawn Colvin,female
Angel Olsen,female
Big Scarr,male
Steve Earle,male
Scarface,male
Steve Hackett,male
Jerry Cantrell,male
Smokepurpp,male
Kesha,female
Tyrese,male
Kenny Loggins,male
Mabel,female
Steven Curtis Chapman,male
Lee Brice,male
Chief Keef,male
Morgan Wallen,male
John Legend,male
Mase,male
Tink,female
Marc Broussard,male
Jazmine Sullivan,female
Devin Dawson,male
Beck,male
Ms. Dynamite,female
Danielle Bradbery,female
Daniel Powter,male
Johnny Winter,male
Colton Dixon,male
Danielle Peck,female
The Tallest Man On Earth,male
Quinn XCII,male
Lil Pump,male
Enya,female
Birdy,female
Guerilla Black,male
Blu Cantrell,female
Seth MacFarlane,male
Priscilla Ahn,female
Bill Gaither,male
Rina Sawayama,female
David Byrne,male
Luke Combs,male
Lil' O,male
Todd Snider,male
Sully Erna,male
Robyn,female
Bob Weir,male
Loudon Wainwright III,male
Chelsea Wolfe,female
Phil Vassar,male
Drake,male
CeCe Winans,female
Lecrae,male
Sarah McLachlan,female
Don McLean,male
Gryffin,male
James Taylor,male
Ray Davies,male
Blanco Brown,male
Kevin Fowler,male
Aaliyah,female
Patti Scialfa,female
Tracy Lawrence,male
Tinashe,female
Baby Boy Da Prince,male
Aldo Nova,male
J-Kwon,male
Will Downing,male
Leon Bridges,male
Ingrid Andress,female
Sheek Louch,male
Jay Critch,male
Lil Gotit,male
Kris Wu,male
Joe,male
Jim Brickman,male
Q-Tip,male
MARINA,female
Brian McKnight,male
Alan Jackson,male
Sebastian Bach,male
James Brown,male
Wale,male
Samantha Mumba,female
Marvin Winans,male
Marc E. Bassy,male
Skizzy Mars,male
Michelle Branch,female
Ray Conniff,male
Courtney Love,female
50 Cent,male
Anjulie,female
Amanda Marshall,female
Indo G,male
Doja Cat,female
Bilal,male
Amanda Perez,female
Ebony Eyez,female
"Harry Connick, Jr.",male
Poppy,female
Famous Dex,male
Gabby Barrett,female
Matthew West,male
Bryan Adams,male
Leona Lewis,female
The Alchemist,male
Elephant Man,male
Freddie Gibbs,male
Chelsea Cutler,female
Robert Earl Keen,male
David Cook,male
A$AP Twelvyy,male
Amy Grant,female
GoldLink,male
Julio Iglesias,male
Ricky Nelson,male
Riley Green,male
Ryan Adams,male
Tommy Torres,male
Fat Joe,male
Easton Corbin,male
Rebecca St. James,female
David Foster,male
Memphis Bleek,male
Melissa Etheridge,female
Hurricane Chris,male
Big K.R.I.T.,male
King Los,male
Scott Weiland,male
Megan Thee Stallion,female
Snoh Aalegra,female
Jeremih,male
Watsky,male
Jordan Smith,male
Ray J,male
Tina Turner,female
Mozzy,male
William Fitzsimmons,male
Jarvis Cocker,male
Lauv,male
Parker McCollum,male
Skee-Lo,male
Saweetie,female
Fred Hammond,male
Juelz Santana,male
Berner,male
LeAnn Rimes,female
Smokie Norful,male
Gerald Levert,male
Styles P,male
Chris de Burgh,male
Peter Murphy,male
Ian Hunter,male
Bushwick Bill,male
Barry Gibb,male
Brandi Carlile,female
Kevin Rudolf,male
Ingrid Michaelson,female
Jesse McCartney,male
Carol Douglas,female
Peggy Lee,female
Christy Nockels,female
Samara Joy,female
Eamon,male
Armin van Buuren,male
Shy Glizzy,male
Kid Ink,male
Alina Baraz,female
Sueco,male
21 Savage,male
Susan Boyle,female
Don Omar,male
BIG30,male
Chris Lane,male
Ms. Jade,female
James Blake,male
FLETCHER,female
Veeze,male
Freeway,male
Omar Apollo,male
Kid Rock,male
Dave East,male
Karla Bonoff,female
Conan Gray,male
WC,male
Babyface,male
Kate Earl,female
Kellie Pickler,female
Katharine McPhee,female
Rick Springfield,male
Aaron Lewis,male
Dave Hollister,male
BRS Kash,male
42 Dugg,male
Tye Tribbett,male
Jamie xx,male
BJ The Chicago Kid,male
Keri Hilson,female
David Crosby,male
Destroy Lonely,male
Sean Price,male
Tempo,male
Little Steven,male
Brian Wilson,male
Jadakiss,male
Heather Headley,female
Kierra Sheard,female
Reba McEntire,female
Still Woozy,male
Cassadee Pope,female
Maino,male
Popcaan,male
Ben Rector,male
Lupe Fiasco,male
Anderson .Paak,male
Bruce Springsteen,male
Pat Monahan,male
Loreena McKennitt,female
Will Smith,male
Kirk Franklin,male
Darius Rucker,male
Gotye,male
Jonathan McReynolds,male
Thomas Rhett,male
John Carpenter,male
Natalie Imbruglia,female
JD McPherson,male
Wizkid,male
Natalie Merchant,female
Shwayze,male
Silkk The Shocker,male
Canon,male
Chinx,male
DJ Kool,male
Andy Grammer,male
Liz Phair,female
Laura Izibor,female
Mia X,female
Tone-Loc,male
Smino,male
Luther Vandross,male
Donell Jones,male
Travie McCoy,male
Christina Aguilera,female
Gunplay,male
Dylan Scott,male
Phil Wickham,male
Peaches,female
Matisyahu,male
Jon McLaughlin,male
"Grover Washington, Jr.",male
Chely Wright,female
Loon,male
Tame Impala,male
Ani DiFranco,female
Lauren Daigle,female
8Ball,male
Jason Crabb,male
Raheem DeVaughn,male
2Pac,male
Andy Williams,male
Erin McCarley,female
Lil' Keke,male
Charlie Wilson,male
A$AP Ferg,male
Ziggy Marley,male
Bryan Ferry,male
Jessie Reyez,female
KAYTRANADA,male
Rich The Kid,male
Stunna 4 Vegas,male
Rhymefest,male
Too $hort,male
Jimmy Fallon,male
ILLENIUM,male
Brandon Flowers,male
Megan Moroney,female
Flying Lotus,male
Alison Wonderland,female
Jim Nabors,male
Gladys Knight,female
Mike Posner,male
Ashanti,female
Mario,male
French Montana,male
Roger Daltrey,male
Bone Crusher,male
Maluma,male
Andrew Bird,male
Bette Midler,female
Syd,male
Blac Youngsta,male
John Mark McMillan,male
Kim Petras,female
Elliott Smith,male
Luke Bryan,male
Quincy Jones,male
Tamela Mann,female
Orianthi,female
Bebe Rexha,female
CeCe Peniston,female
Tedashii,male
Nature,male
Hotboii,male
Josh Kelley,male
Selena Gomez,female
Lil Poppa,male
Glen Campbell,male
Shawnna,female
Maxo Kream,male
Musiq Soulchild,male
Jon Secada,male
Laura Branigan,female
Gangsta Boo,female
RuPaul,female
Herbie Hancock,male
Donny Hathaway,male
Bo Burnham,male
Christina Grimmie,female
Johnny Gill,male
Brittany Howard,female
Jake Bugg,male
J. Cole,male
Hayes Carll,male
Alesso,male
Lionel Richie,male
DRS,male
Jonathan Butler,male
Eminem,male
Joe Perry,male
Joe Budden,male
Mystikal,male
Gloria Trevi,female
Liam Payne,male
Rita Ora,female
Gary Go,male
Steve Lacy,male
Yung Gravy,male
Kari Jobe,female
MC Ren,male
Jeffree Star,male
Vivian Green,female
Tamia,female
Beenie Man,male
Rich Homie Quan,male
J. Holiday,male
Bebel Gilberto,female
Comethazine,male
V.I.C.,male
Chris Cagle,male
Jordin Sparks,female
Blxst,male
Elizaveta,female
Byron Cage,male
Pop Smoke,male
Cat Power,female
Julianne Hough,female
StaySolidRocky,male
Camila Cabello,female
Jonathan Edwards,male
Tricky,male
LeToya Luckett,female
XXXTENTACION,male
George Benson,male
Yung Bleu,male
Killer Mike,male
Sammy Hagar,male
Fireboy DML,male
Miranda Lambert,female
Toosii,male
Carman,male
Frank Mills,male
Murs,male
BT,male
Owl City,male
Mista,male
Matt Nathanson,male
John Forte,male
Quando Rondo,male
Lady Sovereign,female
Mura Masa,male
Young Thug,male
Real Boston Richey,male
Smokey Robinson,male
Grace Jones,female
DJ Drama,male
Suzi Quatro,female
Shania Twain,female
Mustard,male
Shareefa,female
Minnie Riperton,female
Natasha Bedingfield,female
Hoodie Allen,male
Julian Casablancas,male
Bad Azz,male
Hayley Williams,female
Elle Varner,female
Sleepy Brown,male
Mack Wilds,male
Laura Nyro,female
Trevor Daniel,male
Nick Heyward,male
NoCap,male
Ryan Cabrera,male
Skye Sweetnam,female
Christopher Williams,male
Kardinal Offishall,male
Julia Michaels,female
Iggy Pop,male
Joe Jackson,male
Huey,male
Chris August,male
Bow Wow,male
Mat Kearney,male
Lissie,female
Isaac Hayes,male
Borgore,male
Jarren Benton,male
Kat Dahlia,female
Elvis Costello,male
Ed Ames,male
Coolio,male
RL Grime,male
Damien Rice,male
Leela James,female
Dreezy,female
Charlie Puth,male
OMI,male
Matt Kennon,male
Imelda May,female
Deitrick Haddon,male
Lauren Spencer Smith,female
Denzel Curry,male
Kendrick Lamar,male
Action Bronson,male
Lorde,female
Jerry Lee Lewis,male
Crowder,male
Michael Grimm,male
Feist,female
Stephen Marley,male
Bas,male
Pete Yorn,male
John Newman,male
Trevor Hall,male
Lil Skies,male
Jake Miller,male
Harry Chapin,male
J Moss,male
Jackie Evancho,female
Lil Keed,male
Truth Hurts,female
Coi Leray,female
SOHN,male
Zedd,male
Ty Segall,male
Montell Jordan,male
Jack Ingram,male
Katherine Jenkins,female
Plácido Domingo,male
Sharon Van Etten,female
Daz Dillinger,male
Kelly Price,female
Gwen Stefani,female
Lennon Stella,female
August Alsina,male
Tony Yayo,male
Hardwell,male
Richie Sambora,male
Gary Clark Jr.,male
Kip Moore,male
Jimi Hendrix,male
Snail Mail,female
Gary Louris,male
Ella Fitzgerald,female
Sisqo,male
Andy Mineo,male
Lumidee,female
Hollyn,female
Howard Jones,male
Gretchen Wilson,female
Swizz Beatz,male
Julian Lennon,male
Kim Walker-Smith,female
Omarion,male
Clay Aiken,male
Ariana Grande,female
Zara Larsson,female
Diddy,male
Hopsin,male
Robert Palmer,male
Paul Potts,male
Paul Simon,male
Ozzy Osbourne,male
Jason Aldean,male
Burna Boy,male
Caribou,male
Ray LaMontagne,male
Queen Latifah,female
Eric Prydz,male
Rufus Wainwright,male
Kacey Musgraves,female
Mandisa,female
Paula DeAnda,female
Stalley,male
The Rocket Summer,male
Hal Ketchum,male
Clarence Carter,male
Wheeler Walker Jr.,male
"Hank Williams, Jr.",male
David Ball,male
Anne Wilson,female
Flume,male
Roy Buchanan,male
Roger Miller,male
Lou Gramm,male
Robbie Williams,male
J.J. Cale,male
Taio Cruz,male
Robert Downey Jr.,male
Mike WiLL Made-It,male
Prodigy,male
Joan Osborne,female
Sage The Gemini,male
Ringo Starr,male
Archie Eversole,male
Conor Oberst,male
Rihanna,female
Neneh Cherry,female
Ralph Tresvant,male
Skrillex,male
Rich Boy,male
Valentín Elizalde,male
Young MC,male
Kat Deluna,female
Rene Rene,female
Beyoncé,female
Chance the Rapper,male
"Sergio Vega ""El Shaka""",male
Víctor Manuelle,male
Bobby V.,male
Jean-Luc Ponty,male
Conway the Machine,male
Agnetha Fältskog,female
Trick Trick,male
Pi’erre Bourne,male
Kiana Ledé,female
Régulo Caro,male
Sinéad O'Connor,female
Finesse2tymes,male
Charlie McCoy,male
Chanté Moore,female
Boosie Badazz,male
Waxahatchee,female
Craig Morgan,male
Sam Harris,male
Sarah Buxton,female
Scotty McCreery,male
Candy Dulfer,female
Webbie,male
Rocko,male
Lisa Hannigan,female
Sass Jordan,female
Richie Rich,male
Khalid,male
Eric Hutchinson,male
Kiesza,female
Cecilia Bartoli,female
I-20,male
Emmy Rossum,female
Sir Mix-A-Lot,male
BoyWithUke,male
MO3,male
Jason Nelson,male
Joe Nichols,male
Jay Sean,male
Joji,male
Pooh Shiesty,male
Ashley McBryde,female
Carrie Lucas,female
Daya,female
Ben Platt,male
BlocBoy JB,male
Daniel Lanois,male
Trey Anastasio,male
Shontelle,female
Dia Frampton,female
John Anderson,male
Kristin Chenoweth,female
Gavin DeGraw,male
Frida,female
will.i.am,male
Herbie Mann,male
Graham Nash,male
Rockie Lynne,male
Duffy,female
Quavo,male
Debbie Harry,female
Jason Isbell,male
Cory Asbury,male
Brett Eldredge,male
Lucy Hale,female
Jay Rock,male
Ace Frehley,male
Kash Doll,female
Kina Grannis,female
Pete Rock,male
Bazzi,male
Rod Wave,male
Rich Mullins,male
Christina Milian,female
Clairo,female
Shawn Mullins,male
Patty Loveless,female
Nicole Atkins,female
Lizzo,female
Ashley Monroe,female
Katy Perry,female
Sheena Easton,female
Gillian Welch,female
Britt Nicole,female
Guy,male
Mac Miller,male
Fergie,female
Rhett Miller,male
Makaveli,male
Jamey Johnson,male
CeeLo Green,male
Alex Clare,male
Foxy Brown,female
Brotha Lynch Hung,male
Javier Colon,male
Marvin Sapp,male
Jack Harlow,male
MAX,male
Mikal Cronin,male
Isaiah Rashad,male
Collie Buddz,male
Beth Orton,female
Cole Swindell,male
RJD2,male
Dr. Dre,male
Cam,female
Mos Def,male
Vanessa Williams,female
Lindsay Ell,female
Young Buck,male
Baby Keem,male
Papoose,male
Thomas Dolby,male
YK Osiris,male
Mannie Fresh,male
Afroman,male
Ryn Weaver,female
Christon Gray,male
Bobbie Gentry,female
Thom Yorke,male
DJ Envy,male
J Dilla,male
Jordan Feliz,male
Corinne Bailey Rae,female
Rich Brian,male
Brian Eno,male
John Mayall,male
David Nail,male
24kGoldn,male
Eddie Vedder,male
The Notorious B.I.G.,male
Bruno Mars,male
Stephen Stills,male
Eliel,male
Anne Murray,female
Case,male
Brooke Valentine,female
Lucky Daye,male
Espinoza Paz,male
DJ Snake,male
Millie Jackson,female
Eloise Laws,female
Debbie Gibson,female
Dave Alvin,male
Martina McBride,female
Elliott Yamin,male
Remmy Valenzuela,male
Devin Townsend,male
Brian Culbertson,male
Robert Miles,male
Dreams,male
Ra,male
$NOT,male
Carly Pearce,female
Bryce Vine,male
Sufjan Stevens,male
Buster Poindexter,male
Bret Michaels,male
Upchurch,male
Billy Idol,male
Melody Gardot,female
Natanael Cano,male
Queen Pen,female
SiR,male
Billy Joe Royal,male
Chris Webby,male
Charles Bradley,male
Joan Baez,female
Lewis Capaldi,male
Brett Young,male
Cyndi Lauper,female
Corey Taylor,male
Brooke Fraser,female
Bryan White,male
40 Cal.,male
Dru Down,male
Leonard Cohen,male
Sara Watkins,female
Warren Zevon,male
Kurt Vile,male
Sia,female
Soccer Mommy,female
Idina Menzel,female
Lil' Zane,male
Danny Brown,male
Ali Gatie,male
James Arthur,male
Ben Folds,male
Chantal Kreviazuk,female
Brad Paisley,male
King Von,male
Chris Botti,male
Buju Banton,male
Tyrone Wells,male
Anita Wilson,female
Dominic Fike,male
Bobby Vinton,male
Vitamin C,female
SleazyWorld Go,male
Draco Rosa,male
Lil Tecca,male
Marques Houston,male
Theophilus London,male
KB,male
Jessie Ware,female
Joe Satriani,male
Bizzy Bone,male
Anoushka Shankar,female
Rosanne Cash,female
Randy Houser,male
Grieves,male
TQ,male
Sparkle,female
Tony Joe White,male
Maria Mena,female
Jessica Andrews,female
Mike Jones,male
William McDowell,male
Sara Evans,female
The Tony Rich Project,male
Calboy,male
Adam Ant,male
Michael W. Smith,male
Jennifer Nettles,female
Guy Penrod,male
Porter Robinson,male
Kameron Marlowe,male
Dermot Kennedy,male
SBTRKT,male
Juicy J,male
Margie Joseph,female
Cher Lloyd,female
Yungeen Ace,male
Todrick Hall,male
Hunter Hayes,male
Howie Day,male
Raphael Saadiq,male
Lonnie Mack,male
Johnnie Taylor,male
Frankie Ballard,male
Morray,male
Esther Phillips,female
Greg Laswell,male
Kelela,female
Betty Who,female
Tai Verdes,male
Sugar Ray,male
Maggie Rogers,female
Robin Schulz,male
Ramsey Lewis,male
Switch,male
Zach Bryan,male
Nina Simone,female
Margo Price,female
Josh Wilson,male
Terry Reid,male
6ix9ine,male
Taylor Hicks,male
Joshua Rogers,male
Stanley Clarke,male
Joe Simon,male
Jidenna,male
Kat Edmonson,female
James Morrison,male
Jerry Jeff Walker,male
George Duke,male
Tom Morello,male
jxdn,male
Meiko,female
Z.Z. Hill,male
Childish Gambino,male
Jesse Powell,male
Hezekiah Walker,male
Junior H,male
Frank Foster,male
Neil Diamond,male
Marcus Mumford,male
Keith Sweat,male
Gene Simmons,male
Witchdoctor,male
Sech,male
Joey Ramone,male
Dwele,male
LL COOL J,male
James Cotton,male
Ginuwine,male
Westside Gunn,male
Ronnie Dyson,male
Snow,male
Brandy Clark,female
12 Gauge,male
Ronnie Wood,male
Paul Westerberg,male
Lil Rob,male
Barry Manilow,male
Calvin Harris,male
Robyn Adele Anderson,female
Jeff Beck,male
Big Data,male
Grand Puba,male
Chris LeDoux,male
Trip Lee,male
Tom Jones,male
Kevon Edmonds,male
Edwin Starr,male
DINO,male
Karen Clark Sheard,female
Conway Twitty,male
Calvin Richardson,male
Gabbie Hanna,female
Stephen Lynch,male
Dwight Yoakam,male
Bo Bice,male
Adele,female
Marc Anthony,male
Toby Keith,male
Kool G Rap,male
Eazy-E,male
Charlotte Gainsbourg,female
King Krule,male
Lil Nas X,male
Donovan,male
Cashmere Cat,male
K.T. Oslin,female
Danny Gatton,male
USHER,male
Nena,female
Santigold,female
Jelly Roll,male
Davido,male
Ricky Van Shelton,male
Clams Casino,male
Michael Crawford,male
David Sanborn,male
Wynonna,female
Kathy Mattea,female
Lobo,male
Tony Banks,male
Peter Wolf,male
Annie Lennox,female
Susan Ashton,female
Wes Montgomery,male
Skyzoo,male
Clay Walker,male
Billy Cobham,male
Steven Lutvak,male
The Streets,male
Sawyer Fredericks,male
George Howard,male
Alison Krauss,female
Jo Dee Messina,female
John Davidson,male
Ronnie Milsap,male
Carole King,female
Paul Williams,male
David Lee Roth,male
Wayne Brady,male
Robert Francis Kennedy,male
Ray Charles,male
Lindsay Lohan,female
Shabba Ranks,male
Joe Diffie,male
Robbie Nevil,male
Dean Lewis,male
Mary Chapin Carpenter,female
KRS-One,male
"Johnny ""Guitar"" Watson",male
John Tesh,male
Johnny Mathis,male
Tony Bennett,male
Charley Pride,male
Merle Haggard,male
Jesse Winchester,male
Donny Osmond,male
Richard Harris,male
Johnny Rivers,male
Jude Cole,male
Jack Jones,male
M. Ward,male
Ray Parker Jr.,male
Esham,male
Shirley Murdock,female
PJ Harvey,female
Jay Electronica,male
Boondox,male
André Cymone,male
Badly Drawn Boy,male
Randy Crawford,female
Laura Bell Bundy,female
Suzy Bogguss,female
King Tee,male
Delbert McClinton,male
Marlena Shaw,female
MC Lyte,female
Al Kooper,male
Madeon,male
Chico DeBarge,male
Don Henley,male
Jody Watley,female
Cherrelle,female
Butch Walker,male
Andy Gibb,male
Rauw Alejandro,male
Gary Moore,male
Taco,male
Cody Jinks,male
Nelson,male
Kenny Rankin,male
Norman Brown,male
Rory Gallagher,male
Eric Johnson,male
Daryle Singletary,male
Bob Seger,male
Chiquis,female
Cody Johnson,male
Luis Coronel,male
Kim Mitchell,male
Al Green,male
Alannah Myles,female
"""Weird Al"" Yankovic",male
Black Milk,male
Redhead Kingpin,male
Alias,male
Tom Waits,male
Ed Kowalczyk,male
José Feliciano,male
Rick Derringer,male
Lil' J,male
Eddie Kendricks,male
Emily West,female
Nicolette Larson,female
Al Jarreau,male
Collin Raye,male
Johnny Rodriguez,male
Jack Wagner,male
Amerie,female
JPEGMAFIA,male
Arthur Prysock,male
Pam Tillis,female
Crystal Bowersox,female
Pete Townshend,male
Andrew Gold,male
Raury,male
k.d. lang,female
Israel Kamakawiwo'ole,male
Richard Ashcroft,male
Shirley Jones,female
Pebbles,female
Jess Glynne,female
Pedro Fernández,male
Bebe Winans,male
Adam Calhoun,male
Dan Deacon,male
Garland Jeffreys,male
Jesse Colin Young,male
David Ackles,male
Lauren Alaina,female
Ryan Bingham,male
Eva Cassidy,female
Michael Ray,male
Amy Holland,female
Billy Joel,male
Joe Walsh,male
Yusuf / Cat Stevens,male
Tanita Tikaram,female
Nathaniel Rateliff,male
Kenny Lattimore,male
Don Williams,male
Genya Ravan,female
Mark Wills,male
Weyes Blood,female
Rachel Sweet,female
Shakey Graves,male
Andy Kim,male
Kirk Whalum,male
Angela Bofill,female
Art Garfunkel,male
Angela Winbush,female
Paul Anka,male
Tift Merritt,female
Les McCann,male
Aaron Carter,male
Graham Parker,male
Carly Simon,female
Leo Sayer,male
Christine Hanson,female
Midge Ure,male
Aaron Gillespie,male
Da Brat,female
Corbin Bleu,male
Aaron Shust,male
Scarlett Johansson,female
Apache,male
Rita Coolidge,female
Toro y Moi,male
Charlie Byrd,male
Keith Jarrett,male
Yoko Ono,female
Dolores O'Riordan,female
Waylon Jennings,male
Patrick Simmons,male
Kevin Abstract,male
Jeff Lynne,male
Mark Lindsay,male
Arlo Guthrie,male
Michael Franks,male
Sandi Patty,female
Anthony David,male
Lindsey Stirling,female
Jason Lancaster,male
Ashe,female
Kathleen Edwards,female
Nick Lowe,male
Maria Bamford,female
Joshua Bell,male
Southside Johnny,male
K-OS,male
Chris Rea,male
Melissa Auf der Maur,female
Gilberto Santa Rosa,male
Ashlee Simpson,female
Chuck D,male
Ozuna,male
Narada Michael Walden,male
Stoney LaRue,male
B Angie B,female
Cassidy,male
Macy Gray,female
Stacy Barthe,female
Marlon Jackson,male
JayDaYoungan,male
Yella Beezy,male
David Houston,male
Robin Trower,male
Paul Kossoff,male
Gilbert O'Sullivan,male
Susan Tedeschi,female
Loretta Lynn,female
Billy Ray Cyrus,male
Anita Cochran,female
Eddie Harris,male
George Lamond,male
Randy Newman,male
Dee Dee Bridgewater,female
Jim Steinman,male
DJ Pooh,male
Marty Balin,male
Mike Watt,male
Kelsea Ballerini,female
Bruce Dickinson,male
Sir Michael Rocks,male
Robert Plant,male
Freda Payne,female
Paul Banks,male
Madeleine Peyroux,female
Jorma Kaukonen,male
Russ Ballard,male
Paul Kantner,male
Barry Goudreau,male
Corey Hart,male
Jennifer Love Hewitt,female
Lil' Mo,female
Kimberley Locke,female
Danny Elfman,male
Neal McCoy,male
Kim Carnes,female
Mitski,female
Vanessa Carlton,female
Patti LaBelle,female
Eric Andersen,male
Ric Ocasek,male
Richard Marx,male
Matt Redman,male
Crystal Lewis,female
Jaci Velasquez,female
Ray Price,male
Joe Beck,male
David Baerwald,male
Lee Oskar,male
Freddy Fender,male
Steve Howe,male
Ariel Pink,male
Charlie Rich,male
Tim Moore,male
Yolanda Adams,female
Duff McKagan,male
Aries,male
Lainey Wilson,female
Cassandra Wilson,female
Ben Kweller,male
Vincenzo Bellini,male
Benjamin Booker,male
Bert Kaempfert,male
Davina,female
Maxi Priest,male
Pat Benatar,female
Jameson Rodgers,male
Stacey Q,female
Jonathan Nelson,male
Bebo Norman,male
John Paul White,male
Paul Young,male
Aubrey O'Day,female
Peter Allen,male
Bianca Ryan,female
Ty Herndon,male
David Wilcox,male
Tracy Byrd,male
Ant Banks,male
Laurie Anderson,female
Paris,male
Bill Cosby,male
Billy Dean,male
Tim Hardin,male
BabyTron,male
RZA,male
Cledus T. Judd,male
Stephen Bishop,male
Steffany Gretzinger,female
AMG,male
Meshell Ndegeocello,female
Donald Byrd,male
Lamont Dozier,male
Gino Vannelli,male
Charles Earland,male
Kutt Calhoun,male
Kool Keith,male
Cowboy Troy,male
Kill The Noise,male
Jonathan Davis,male
King Tuff,male
Robert Glasper,male
Shooter Jennings,male
Bob Mould,male
Corey Kent,male
Alana Davis,female
AMB,male
Mason Jennings,male
Herb Alpert,male
Justin Hayward,male
Tim Buckley,male
Steve Holy,male
Dustin Lynch,male
Brandon Heath,male
Nanci Griffith,female
Diana DeGarmo,female
Jordan Davis,male
Mark Lanegan,male
Carlos Santana,male
Bob McGrath,male
Bobby Brown,male
Meredith Brooks,female
Eric Carmen,male
Afu-Ra,male
A Fine Frenzy,female
Kany García,female
Jon B.,male
Ray Stevens,male
Ana,female
Shaggy,male
Steve Miller,male
Kathie Lee Gifford,female
Shaun Cassidy,male
Roger Williams,male
MF DOOM,male
Craig David,male
Peabo Bryson,male
Ben Harper,male
Michael Sembello,male
Roy Wood,male
Robert Goulet,male
Alisha,female
Kwame,male
Bill Withers,male
John Michael Montgomery,male
Jamie O'Neal,female
Amel Larrieux,female
Amanda Cook,female
Judy Collins,female
Doc Severinsen,male
Goapele,female
Pete Wingfield,male
Danny O'Keefe,male
Brenda K. Starr,female
Brenda Russell,female
Sam Riggs,male
Brendan James,male
Brian Hyland,male
Johnny Van Zant,male
Shawn Phillips,male
Vickie Winans,female
John Hiatt,male
Steve Harris,male
Linda Eder,female
Azealia Banks,female
Travis Greene,male
Brooke Hyland,female
Brook Benton,male
Orville Peck,male
Canaan Smith,male
Corey Smith,male
Buddy Jewell,male
Bucky Covington,male
Ibrahim Ferrer,male
Sarah Jarosz,female
Chet Faker,male
Bob Schneider,male
Freddie Hubbard,male
Steve Wariner,male
Marc Cohn,male
Andrew Peterson,male
Burt Bacharach,male
JENCARLOS,male
Burton Cummings,male
CKay,male
Daniel Caesar,male
Crystal Gayle,female
Lisa Loeb,female
Feed Me,male
Anthony Jeselnik,male
Lee Ann Womack,female
John Stewart,male
Bill Summers,male
Aaron Tippin,male
Paul Brandt,male
Tyrone Davis,male
Paradox Worship,male
Tyler Childers,male
Pat Green,male
Dan Fogelberg,male
FKA twigs,female
Big Pun,male
Stan Getz,male
Rockwell,male
Carl Wilson,male
Carl Carlton,male
Maynard Ferguson,male
John Handy,male
Carol Burnett,female
Ian McCulloch,male
Vince Neil,male
Dustin Kensrue,male
Casey Abrams,male
Casey James,male
David Allan Coe,male
Jerry Harrison,male
Dan Zanes,male
Cassie,female
Paolo Nutini,male
Joan Sebastian,male
Tristan Prettyman,female
Chayanne,male
James Durbin,male
Hayley Westenra,female
Michelle Lindahl,female
Rebbie Jackson,female
Leon Redbone,male
Elliot Easton,male
Roy Ayers,male
Syleena Johnson,female
Ella Henderson,female
Tweet,female
Phonte,male
Vangelis,male
Charlie Sexton,male
Chuck Mangione,male
Jane Olivor,female
Charli XCX,female
Deborah Allen,female
Mike Ness,male
Andra Day,female
Cheryl Ladd,female
Chi Coltrane,female
Playa,male
G. Dep,male
Jimmie Rodgers,male
Billy Thorpe,male
Philip Bailey,male
Father John Misty,male
John Lee Hooker,male
Lenny Williams,male
Tommy James,male
Christine McVie,female
Mel Tormé,male
Chuck Berry,male
Chuckii Booker,male
Bishop Briggs,female
Luis Enrique,male
Oleta Adams,female
Greg Kihn,male
Big Moe,male
Billy Gilman,male
David Phelps,male
Claudine Longet,female
Craig Finn,male
Chris Hillman,male
Rodney Crowell,male
Father MC,male
NF,male
Frankie Valli,male
Colby O'Donis,male
Starlito,male
Gordon Lightfoot,male
Noel Harrison,male
SAINt JHN,male
Larry Carlton,male
Colonel Abrams,male
Carin Leon,male
Morris Day,male
Leon Haywood,male
Bobby Vee,male
Elle King,female
Jane Monheit,female
Miki Howard,female
Triumph The Insult Comic Dog,male
Carla Bruni,female
Daniel Ash,male
Albert Hammond Jr,male
Lila McCann,female
James McMurtry,male
Tanya Tucker,female
Nivea,female
George Clinton,male
Teedra Moses,female
Zola Jesus,female
Sunny Sweeney,female
Twin Shadow,male
Carl Thomas,male
Robbie Robertson,male
Nita Strauss,female
Conor Maynard,male
Freak Nasty,male
Sage Francis,male
Tessanne Chin,female
Martin Gore,male
Trent Tomlinson,male
Walker Hayes,male
Paula Cole,female
Craig Campbell,male
Haystak,male
Pat Travers,male
Billy Squier,male
Tracy Chapman,female
Johnny Clegg,male
Karen O,female
John Klemmer,male
Blood Orange,male
David Bazan,male
Paul Rodgers,male
Curtis Stigers,male
Clint Black,male
Doe B,male
Jud Strunk,male
Morgan Page,male
Mat Zo,male
Floyd Cramer,male
Dan Hill,male
Dana Dane,male
Original London Cast of Dames at Sea,male
Steve Arrington,male
John Parish,male
Lita Ford,female
Danny Joe Brown,male
Aziz Ansari,male
Yanni,male
Crystal Shawanda,female
Najee,male
David Ruffin,male
Grace Potter,female
Duncan Sheik,male
Charlie Zaa,male
LUCKI,male
Christian Pagán,male
Dean Brody,male
Dean Friedman,male
Björk,female
Bootleg,male
Sticky Fingaz,male
Steve Cropper,male
Bob Geldof,male
Keak Da Sneak,male
John Fogerty,male
Thurston Moore,male
Yolandita Monge,female
Cage,male
Ofra Haza,female
Dennis DeYoung,male
Eagle-Eye Cherry,male
Dr. John,male
Jon Bon Jovi,male
Tom Scott,male
McGruff,male
Myron,male
Dave Hause,male
Michael Johnson,male
Dianne Reeves,female
Deana Carter,female
Kane Brown,male
Bonnie Raitt,female
Dean Martin,male
Juice Newton,female
Stella Soleil,female
Van McCoy,male
Shanice Wilson,female
"Nas & Damian ""Jr. Gong"" Marley",male
Coo Coo Cal,male
Angelique Kidjo,female
Michael Henderson,male
Freddie Jackson,male
Mitch Hedberg,male
Shannon,female
Adina Howard,female
Gordon Mote,male
Joe South,male
Jermaine Jackson,male
Donavon Frankenreiter,male
Sammy Kershaw,male
Dorothy Moore,female
Marco Antonio Muñiz,male
BØRNS,male
Doug Sahm,male
Frankie Miller,male
Monie Love,female
RL,male
Earl Klugh,male
Bill Callahan,male
Vance Joy,male
"Bobby ""Blue"" Bland",male
Tom Verlaine,male
Carolyn Dawn Johnson,female
Lil Baby,male
Grace Slick,female
Del Shannon,male
Eric Weissberg,male
Jessie Murph,female
Donnie McClurkin,male
Amy Winehouse,female
James Ingram,male
David Matthews,male
JT The Bigga Figga,male
Prime Minister Pete Nice,male
Bob Dylan Tribute Band,male
Pro,male
Helen Reddy,female
Kid Frost,male
Myke Towers,male
Eric Bellinger,male
Keith Barbour,male
Yngwie Malmsteen,male
Falco,male
Héctor Lavoe,male
Marcus King,male
Rodney Carrington,male
Roberto Tapia,male
Vicente Fernández,male
David Lindley,male
Cosculluela,male
Wisin,male
Muddy Waters,male
James Bay,male
Black Joe Lewis,male
Elisa Fiorillo,female
Maxwell,male
Jeffrey Osborne,male
Anuel AA,male
Derek Minor,male
Samantha Sang,female
Vikki Carr,female
Anderson East,male
Russell Watson,male
Meco,male
Flora Purim,female
Keith Murray,male
Lunay,male
Peter Schilling,male
Eric Paslay,male
Tim Finn,male
Martha Velez,female
Moon Martin,male
Mellow Man Ace,male
Becky G,female
Jim James,male
Etta James,female
Joel Crouse,male
Labrinth,male
Gregory Alan Isakov,male
Rex Smith,male
Ronnie Laws,male
Citizen Cope,male
Patti Austin,female
Hilary Weeks,female
Christopher Cross,male
Nikka Costa,female
Billy Preston,male
David Benoit,male
Damon Albarn,male
Tom Johnston,male
Lyrics Born,male
Lonnie Liston Smith,male
Hayley Kiyoko,female
Diplo,male
Statik Selektah,male
Dwayne Wiggins,male
Vanilla Ice,male
Shaggy 2 Dope,male
Offset,male
Chi-Ali,male
John Berry,male
Stephen Malkmus,male
beabadoobee,female
Hubert Laws,male
Malcolm McLaren,male
El-P,male
Edwin McCain,male
Farruko,male
Custom,male
Joe Jonas,male
Casual,male
Fats Domino,male
Mýa,female
Feargal Sharkey,male
Hoyt Axton,male
Terri Clark,female
Tim Curry,male
Jennifer Holliday,female
Walter Jackson,male
Mongo Santamaria,male
Feid,male
Nona Hendryx,female
Nicky Jam,male
Fefe Dobson,female
Charlie,male
Jonny Lang,male
Emily Osment,female
SpotemGottem,male
Patton Oswalt,male
Steve Jones,male
Fiona,female
Sara Groves,female
Beth Hart,female
Karina Pasian,female
David Gates,male
Chris Squire,male
Julee Cruise,female
Clint Brown,male
Rickie Lee Jones,female
Jimmy Cliff,male
O.C. Smith,male
Trombone Shorty,male
Howard Hewett,male
Rebecca Lynn Howard,female
Benjamin Gibbard,male
Murs & 9th Wonder,male
Foster Sylvers,male
Aoife O'Donovan,female
Neko Case,female
Frank Black,male
Willie Hutch,male
Shel Silverstein,male
Joell Ortiz,male
Jerrod Niemann,male
Michael Penn,male
Andy Griggs,male
Rhiannon Giddens,female
Jimmy Barnes,male
Bob Welch,male
Sean Ono Lennon,male
Chris Stapleton,male
Chick Corea,male
Doug Stone,male
Jessica Reedy,female
Sammie,male
Tommy Page,male
Frozen Ghost,male
Mad Skillz,male
Pat Metheny,male
Jane Wiedlin,female
Pharrell Williams,male
Freddy Weller,male
Blaze Ya Dead Homie,male
Domo Genesis,male
Peso Pluma,male
Patti Page,female
Stacie Orrico,female
Liza Minnelli,female
A.C. Newman,male
King Curtis,male
Jaron And The Long Road To Love,male
David Lee Murphy,male
Melvin Riley,male
Les Dudek,male
Zee Avi,female
Ben Jelen,male
Tommy Shaw,male
Giveon,male
Dave Davies,male
Glenn Jones,male
Glenn Medeiros,male
Gary Glitter,male
Jon Bellion,male
Audra McDonald,female
Tiny Tim,male
Mick Jagger,male
Alex G,male
Dre Murray,male
Mike Doughty,male
U-God,male
Dawn Richard,female
Shirley Caesar,female
Bleachers,male
Gwen Guthrie,female
GRiZ,male
Tobias Jesso Jr.,male
David Kersh,male
Daniel Bedingfield,male
Shirley Bassey,female
Nate Ruess,male
Jekalyn Carr,female
Lorrie Morgan,female
A.B. Quintanilla III,male
Rod McKuen,male
Tasmin Archer,female
Lee Greenwood,male
Keith Whitley,male
Gram Parsons,male
Paul Carrack,male
Little Milton,male
Harvey Mason,male
Billie Myers,female
Ashley Tisdale,female
Bruce Hornsby,male
ANOHNI,female
Roger Hodgson,male
Hugo Montenegro & His Orchestra and Chorus,male
Johnny Bristol,male
Hannah Montana,female
Bizarre,male
Barney,male
B-Legit,male
Paul Dean,male
Dave Grusin,male
Mad Cobra,male
Billy F Gibbons,male
Christina Perri,female
Alex Bugnon,male
Jody Miller,female
Paula Abdul,female
Sonique,female
Latoya Jackson,female
Jennifer Rush,female
Audrey Assad,female
Don Johnson,male
Da' T.R.U.T.H.,male
Sondre Lerche,male
Michelle Williams,female
Leighton Meester,female
Patterson Hood,male
Cindy Cruse Ratcliff,female
Rebecca Ferguson,female
Kamasi Washington,male
Killah Priest,male
Blake Mills,male
Poe,female
Bridgit Mendler,female
The D.O.C.,male
Henry Lee Summer,male
Shuggie Otis,male
Ronald Isley,male
Tasha Page-Lockhart,female
Moe Bandy,male
Wilson Pickett,male
Gerard Way,male
Carnie And Wendy Wilson,female
Paul Overstreet,male
Kandi,female
Boy George,male
Eno • Hyde,male
Clarence Clemons,male
Ernie Isley,male
Jackie Wilson,male
Richard Betts,male
Ricky Skaggs,male
Celia Cruz,female
Hoku,female
Tiffany,female
Greyson Chance,male
Gyptian,male
Michael Kiwanuka,male
André Rieu,male
Stephanie Mills,female
Josh Garrels,male
Monifah,female
Lucy Dacus,female
Elvin Bishop,male
Ian Anderson,male
Harry Belafonte,male
Al B. Sure!,male
Pete Shelley,male
Bobby Goldsboro,male
Marty Stuart,male
Prof,male
Eddie Rabbitt,male
Horace Brown,male
Gene Page,male
Dave Gahan,male
Toni Childs,female
Coko,female
Eddie Murphy,male
Tom Paxton,male
Joan Armatrading,female
Res,female
Gerardo Ortiz,male
Nick Fradiani,male
Bart Millard,male
Alicia Myers,female
Ann Peebles,female
James Fortune,male
Matthew Wilder,male
Andrew W.K.,male
Hamilton Leithauser,male
Hank Crawford,male
Chubb Rock,male
Jens Lekman,male
Amanda Blank,female
Betty Wright,female
Lyle Lovett,male
Lykke Li,female
T.G. Sheppard,male
Jennifer Hudson,female
Eddie Holman,male
JJ Hairston,male
Richie McDonald,male
Perry Como,male
Marty Robbins,male
Kim Waters,male
Dorinda Clark-Cole,female
Chantay Savage,female
Tommy Boyce,male
Kiki Dee,female
Whitney Houston,female
Jason Richardson,male
Jerry Butler,male
Vanessa Hudgens,female
Ivan Neville,male
Joey Feek,female
Wade Bowen,male
Linda Clifford,female
Rodney Atkins,male
Brian Setzer,male
Sean Paul,male
Pat Boone,male
James Labrie,male
Barbara Mandrell,female
Cheri Dennis,female
Marley Marl,male
Tom T. Hall,male
Stevie Ray Vaughan,male
David Johansen,male
Martin Page,male
Jeff Lorber,male
Hussein Fatal,male
Neil Sedaka,male
Country Joe McDonald,male
Timbaland,male
Rachelle Ferrell,female
Diana Reyes,female
José Luis Rodríguez,male
Aaron Hall,male
William Hung,male
Bassnectar,male
Darlene Love,female
David Peaston,male
Joe Sample,male
Bettye LaVette,female
Megan Hilty,female
Phoebe Snow,female
Jackie Lomax,male
Tina Campbell,female
Albert Hammond,male
JT Hodges,male
Jackie DeShannon,female
Artie Lange,male
Jamie Walters,male
Jamie Lawson,male
Jana Kramer,female
Jane Child,female
Major Harris,male
Jennifer Paige,female
Jeff Carson,male
Jeff Bridges,male
Jennifer Hanson,female
Jerry Vale,male
Jennifer Warnes,female
Jessie James Decker,female
Jamie Lidell,male
Jim Stafford,male
Jibbs,male
Jimmy Cozier Jr.,male
O.C.,male
Jimmy Ray,male
Jimmy Wayne,male
Joey Lawrence,male
John Eddie,male
John Sebastian,male
Jocelyn Enriquez,female
Jordan Knight,male
Jonas Blue,male
Josh Gracin,male
Oran Juice Jones,male
Julian Plenti,male
Julia Fordham,female
Julie Roberts,female
Julieta Venegas,female
Laura Veirs,female
Dwight Twilley,male
Valerie Carter,female
Jimmy Webb,male
Suga Free,male
Andy Griffith,male
Larry Graham,male
Allison Iraheta,female
Gerald Albright,male
Brian Courtney Wilson,male
Jellybean,male
Grace VanderWaal,female
Justin Guarini,male
Keith Washington,male
KAROL G,female
Pharoah Sanders,male
Karyn White,female
Dan Auerbach,male
Donald Fagen,male
Merry Clayton,female
Howard Johnson,male
Kevin Denney,male
Kevin Lyttle,male
Kevin Paige,male
Bri Babineaux,female
Zella Day,female
King Floyd,male
Jim Gaffigan,male
Little Richard,male
Kurtis Blow,male
Gustavo Laureano,male
Tatyana Ali,female
Alessia Cara,female
Bahamadia,female
Kurupt,male
Skepta,male
DJ ESCO,male
Kris Allen,male
Flipp Dinero,male
LSG,male
Flex,male
Rick Braun,male
Leo Dan,male
Control,male
Bryant Myers,male
Manu Chao,male
Ana Gabriel,female
Larry Coryell,male
Tom Rush,male
Dave Valentin,male
Lalah Hathaway,female
Chunky A.,male
Lara Fabian,female
Bad Bunny,male
MC Eiht,male
Daryl Hall,male
Kenny Wayne Shepherd,male
Kungs,male
Jennifer Knapp,female
Sam Kinison,male
Rodney Franklin,male
Bailey Zimmerman,male
Jeff Bates,male
Cormega,male
R.A. The Rugged Man,male
Peter Hollens,male
Lenka,female
Leslie Odom Jr.,male
Lena Horne,female
"Bishop Paul S. Morton, Sr.",male
Stacy Lattisaw,female
Hugh Laurie,male
Emilio,male
Lacey Sturm,female
Madison Beer,female
Aloe Blacc,male
Big L,male
Gary Wright,male
Jerry Goodman,male
Lil' Romeo,male
Haley Reinhart,female
Peter Green,male
Carlene Carter,female
Toby Lightman,female
Chris Knight,male
Beverly Crawford,female
Skip,male
Kim Burrell,female
Paul Stanley,male
Joe Ely,male
Kathy Taylor,female
Jimmy Smith,male
Don Nix,male
Aaron Lines,male
Jann Arden,female
Livingston Taylor,male
Brian Fallon,male
Denis Leary,male
Atlas Sound,male
Billy Joe Shaver,male
Mindy Smith,female
Big Daddy Kane,male
Låpsley,female
MOD SUN,male
Johnny Lee,male
LORD DAVID SUTCH,male
Michael Nesmith,male
Lea Michele,female
Louis Armstrong,male
Kathy Troccoli,female
Tracey Thorn,female
Tom Browne,male
Regina Belle,female
Israel Houghton,male
Cerrone,male
Sherrié Austin,female
Jimmy Witherspoon,male
Kerli,female
Phora,male
Jackson Browne & David Lindley,male
Deodato,male
Sam Beam,male
Jeff Tweedy,male
Michael Cooper,male
Steve Martin,male
John Gary,male
Billy Ocean,male
Albert King,male
Lucas,male
Bob James,male
Lulu,female
Christopher Owens,male
Kate Nash,female
Kam,male
Masta Killa,male
MC Magic,male
Wax,female
Troy Ave,male
Lord Tariq,male
Stanley Jordan,male
Tracie Spencer,female
Nicole,female
Leon & Mary Russell,male
Kenna,male
Yo-Yo,female
Rahzel,male
Mali Music,male
Heintje Simons,male
Bobby Pinson,male
Justin Timberlake,male
Sebastian Yatra,male
Tracey Lee,male
Marcus Miller,male
Marilyn Martin,female
Maria McKee,female
Billy Childs,male
Maria Muldaur,female
Mark Collie,male
Mario Vazquez,male
Martha Wash,female
Marshall Crenshaw,male
Marvin Sease,male
John Waite,male
Matthew Morrison,male
Maurice White,male
Matty Mullins,male
RaeLynn,female
Billy Strings,male
Frayser Boy,male
Cheryl 'Pepsii' Riley,female
Kevin Sharp,male
Bobby McFerrin,male
John Doe,male
Melba Moore,female
Carla Thomas,female
John Kilzer,male
Jim Messina,male
Maysa,female
Don Francisco,male
Ana Isabelle,female
Mick Jones,male
Mick Taylor,male
Ronan Hardiman,male
Arthur Ferrante,male
Michael Peterson,male
Sauce Money,male
Michael Hutchence,male
Lights,female
Carla Olson and the Textones,female
Debby Boone,female
Mitchell Tenpenny,male
Miles Jaye,male
Holly Dunn,female
Smith,male
Mireille Mathieu,female
Camilo,male
Mitchel Musso,male
Gerardo,male
Luh Kel,male
Al Stewart,male
Kurt Cobain,male
DPR IAN,male
Buffy Sainte-Marie,female
T.S. Monk,male
Toni Tennille,female
Jim Ed Brown,male
Natalie Maines,female
Leslie West,male
Kristian Stanfill,male
Cathy Dennis,female
Gil Scott-Heron,male
Jean Knight,female
Norman Connors,male
Patrice O'Neal,male
Asake,male
Adrian Belew,male
Sheck Wes,male
¡MAYDAY! x MURS,male
La Chat,female
Marie Osmond,female
Candice Glover,female
Big Gipp,male
Sylvester,male
Neal E. Boyd,male
The Prize Fighter Inferno,male
RAYE,female
Geddy Lee,male
Guy Clark,male
G-Mo Skee,male
Nahko,male
B.W. Stevenson,male
Brendan Benson,male
Young Bleed,male
J-Shin,male
John Kay,male
Big Kuntry King,male
Cyndi Thomson,female
Bounty Killer,male
Ol' Dirty Bastard,male
Bernard Wright,male
Alec Benjamin,male
Wayne Shorter,male
Nathan East,male
Olly Murs,male
Will Hoge,male
Thelma Houston,female
Tommy Walker,male
Freedy Johnston,male
Morgana King,female
Desiigner,male
M,male
Kano,male
Lee Michaels,male
Nick Cannon,male
Nick 13,male
Kix Brooks,male
Nick Mason,male
Deniece Williams,female
Gerry Rafferty,male
Sky Ferreira,female
Nikki Yanofsky,female
Tune-Yards,female
Hozier,male
José James,male
Rick Wakeman,male
Robert Tepper,male
Wayne Wonder,male
Lene Lovich,female
MJG,male
Del The Funky Homosapien,male
Gene Clark,male
Jordan Pruitt,female
Alice Merton,female
Perfume Genius,male
Norma Jean Wright,female
Ben Howard,male
Bea Miller,female
Glen Campbell with Al De Lory,male
Nancy Martinez,female
Michael Monroe,male
Nia Peeples,female
Robert Cray,male
Nio Garcia,male
John Schneider,male
Nick Carter,male
Donna Lewis,female
Doug Martsch,male
Patrice Rushen,female
Lisa Marie Presley,female
Nina Hagen,female
ICE-T,male
Nitro,male
Olga Tañón,female
Blaine Larsen,male
William Patrick Corgan,male
King Biscuit Boy,male
Jim Capaldi,male
Oh Land,female
Wade Hayes,male
Jon Anderson,male
Missy Higgins,female
Peter Furler,male
Crunchy Black,male
Buckwheat Zydeco,male
Gillette,female
Peter Cincotti,male
D.J. Rogers,male
Smoothe Da Hustler,male
Randy Meisner,male
Peter Cetera,male
Susan Raye,female
Mavis Staples,female
Jamie Grace,female
Juliana Hatfield,female
Joshua Radin,male
Sonny James,male
Ronnie Montrose,male
Craig Mack,male
Kilo Ali,male
Jack Bruce,male
Kim Fowley,male
Gino Soccio,male
Jimmy Page,male
Mike Gordon,male
Heather Nova,female
Sharon Needles,female
Dennis Wilson,male
Derez De’Shon,male
Joshua Kadison,male
Panda Bear,male
Carnage,male
Washed Out,male
El Chapo De Sinaloa,male
Cuco,male
Prozak,male
Rupert Holmes,male
Stevie B,male
Nick Swardson,male
Pat McLaughlin,male
Brad Cotter,male
Patty Smyth,female
Professor Griff & L.a.d.,male
Chuck Murphy,male
Ryan Hurd,male
Tim Dog,male
Donna Allen,female
d4vd,male
Peter Criss,male
Cannonball Adderley,male
Phil Stacey,male
Jack Garratt,male
Noel Pointer,male
Domino,female
Edie Brickell,female
Tela,male
"AZ, Freeway",male
Wayne Static,male
Atlanta,female
Pink Sweat$,male
Elvis Crespo,male
Jeff Loomis,male
George Winston,male
Mick Ronson,male
Playboi Willi,male
Timothy B. Schmit,male
Johnny Marr,male
Phil Ochs,male
Martha Davis,female
Dario,male
Rex Orange County,male
Ann Nesby,female
Porter Wagoner,male
Eddy Arnold,male
James Vincent McMorrow,male
Manchild,male
Frankie J,male
Huey Mack,male
Paris Bennett,female
Tommy Bolin,male
Lil Dicky,male
Scott Stapp,male
T Bone Burnett,male
Ken Hensley,male
Phoebe Bridgers,female
Diane Schuur,female
Valerie June,female
Sofia Carson,female
Patra,female
Chaz Jankel,male
R.B. Greaves,male
Ranking Roger,male
Boris Grebenshikov,male
Allen Stone,male
Fannie Flagg,female
Randy Jackson,male
Graciela Beltran,female
Tash,male
Ras Kass,male
Raven-Symoné,female
Manny Manuel,male
Ronnie Dunn,male
Drake Bell,male
Mark Olson,male
Aaron Watson,male
Alejandro Escovedo,male
Terri Lyne Carrington,female
Wayman Tisdale,male
Algebra Blessett,female
Doug Supernaw,male
"Bishop Rudolph McKissick, Jr.",male
Benzino,male
Tyler Farr,male
Snoop Lion,male
RENT Soundtrack,male
Renee Olstead,female
Dave Edmunds,male
Charlie Daniels,male
Isaac Carree,male
Joe Lynn Turner,male
Andrew Lloyd Webber,male
MC Serch,male
B.J. Thomas,male
Ricky Fante,male
Mr. Mike,male
Glen Hansard,male
Doyle Bramhall II,male
Richie Havens,male
Shelly Fairchild,female
William Clark Green,male
Robbie Dupree,male
Chris Mann,male
Commander Cody,male
David Cassidy,male
David Essex,male
George McCrae,male
Mickey Hart,male
Sheila E.,female
Ronan Tynan,male
Danger Mouse,male
Charlie Worsham,male
Jimmy Ruffin,male
Chris Sligh,male
Sam Hunt,male
"Bishop T.D. Jakes, Sr.",male
George Lynch,male
Sarah Dash,female
Sarina Paris,female
"Brian ""Head"" Welch",male
Lou Donaldson,male
Jermaine Stewart,male
Johnny Clegg & Juluka,male
Branford Marsalis,male
JC Chasez,male
Steve Walsh,male
Geri Halliwell,female
Rampage,male
Sean Kingston,male
Brady Seals,male
Rodríguez,male
Nicki French,female
Jennifer Peña,female
Jakob Dylan,male
William Shatner,male
Koe Wetzel,male
J Mascis,male
Tony Thompson,male
John Frusciante,male
Gregory Abbott,male
James Otto,male
Shaquille O'Neal,male
Gary Chapman,male
Terrence Howard,male
Z-Trip,male
Linda Davis,female
Robin S,female
Henry Gross,male
MadeinTYO,male
Waldo De Los Ríos,male
Iris DeMent,female
Kate Taylor,female
D-Shot,male
Positive K,male
Sole,male
Henson Cargill,male
B-Real,male
Schoolly D,male
Lisa Fischer,female
Chet Atkins,male
Dave Matthews,male
Rhett Akins,male
Tony Carey,male
Kreayshawn,female
Big Mike,male
Eddie Levert Sr. & Gerald Levert,male
Carole Bayer Sager,female
Perry Farrell,male
Philip Glass,male
John Fullbright,male
Rusko,male
Taylor Dayne,female
Arthur Conley,male
KeKe Wyatt,female
Nick Lachey,male
Madlib,male
Kid Capri,male
Terry Ellis,female
Drake White,male
Sebastian Mikael,male
Darren Hayes,male
Norman Greenbaum,male
Clay Crosse,male
Adam Sandler,male
Yola,female
Chuck Wicks,male
Raul Midón,male
Joey McIntyre,male
King,male
Syreeta,female
Antônio Carlos Jobim,male
Mac Davis,male
Bob Carlisle,male
Dave Barnes,male
Derek Webb,male
Crystal Waters,female
Fernando Ortega,male
Choppa Style,male
Aqualung,male
Jimmie Vaughan,male
Fiend,male
Joe Strummer,male
Julie Driscoll,female
N.O.R.E.,male
Big Mama Thornton,female
Sunshine Anderson,female
Mike Bloomfield,male
Chris Jasper,male
Ben E. King,male
Eric Heatherly,male
K7,male
Jim Gilstrap,male
Sybil,female
King Sunny Ade,male
Flesh-n-Bone,male
Avicii,male
Lisa Loeb & Nine Stories,female
Jan Akkerman,male
Percy Sledge,male
Sho Baraka,male
Tal Bachman,male
Nicole C. Mullen,female
Robben Ford,male
Tara Kemp,female
Red Sovine,male
Telly Savalas,male
Mindy McCready,female
The Madd Rapper,male
Stanley Turrentine,male
Michael Sweet,male
Terminator X,male
Caleb Johnson,male
Lowell George,male
BANKS,male
VIC MENSA,male
Georgie Fame,male
The Percy Faith Strings,male
Niykee Heaton,female
Bobby Bloom,male
Ugly God,male
Eric Roberson,male
Landon Pigg,male
Tracy Bonham,female
Roger Glover,male
Rich Robinson,male
Robert Johnson,male
Billie Holiday,female
Cheyenne Kimball,female
George Thorogood,male
Jimmie Spheeris,male
Charles Kelley,male
C-Bo,male
Peter Nero,male
9th Wonder,male
Quasimoto,male
Merril Bainbridge,female
Andy Black,male
Woodkid,male
Deborah Silver,female
James Hunter,male
Bat For Lashes,female
Josh Rouse,male
Phil Perry,male
Mick Jenkins,male
Holly Williams,female
Ottmar Liebert,male
Fiona Apple,female
Rob Base,male
Andrae Crouch,male
Elvis Costello And The Brodsky Quartet,male
Karen Beth,female
Havoc,male
Benjamin Orr,male
Jacob Sartorius,male
Kokane,male
John P. Kee,male
"Howlin' Wolf with Steve Winwood: Piano & Organ, Bill Wyman: Bass Guitar, Shaker & Cowbell, Charlie Watts: Drums, Conga & Assorted Percussion",male
Roger,male
Lizz Wright,female
Sarai,female
Gene Autry,male
Wanda Jackson,female
Zion,male
Hugh Masekela,male
RBX,male
Shinehead,male
Regis Philbin,male
Kevin Olusola,male
Bruce Willis,male
Booker T. Jones,male
Slimm Calhoun,male
Rocky Burnette,male
Harvey Mandel,male
Daniel Rodriguez,male
Marc Almond,male
Jeru The Damaja,male
ZZ Ward,female
Nicky Hopkins,male
Earl Scruggs,male
Tego Calderón,male
Hannah Huston,female
Mick Fleetwood,male
Alisan Porter,female
Addison Agen,female
Chris Blue,male
Scott McKenzie,male
Laith Al-Saadi,male
Jesse Larson,male
Brooke Simpson,female
Chloe Kohanski,female
Brynn Cartelli,female
Josh Kaufman,male
Adam Wakefield,male
Craig Wayne Boyd,male
Michelle Chamuel,female
Joshua Davis,male
Chris Jamison,male
Koryn Hawthorne,female
Meghan Linsey,female
Barrett Baber,male
Sundance Head,male
Red Marlow,male
Jeffery Austin,male
Matt McAndrew,male
Emily Ann Roberts,female
Remy Shand,male
Ray Manzarek,male
Duncan Browne,male
Brandon Boyd,male
Doug E. Fresh,male
Buddy Miles,male
Tommy Shane Steiner,male
Morgan Evans,male
D.L. Byron,male
Norman Connors and The Starship Orchestra,male
JVKE,male
Sonya Kitchell,female
Krayzie Bone,male
Jay Ferguson,male
Steve Khan,male
Chuck Ragan,male
Timmy T,male
Cupid,male
Big Bub,male
Jhayco,male
Tom DeLonge,male
D-Nice,male
Pete Seeger,male
Tom Fogerty,male
Sophie B. Hawkins,female
France Joli,female
Nina Gordon,female
Tony Terry,male
Lil Xan,male
Alexi Murdoch,male
Diana King,female
Toya,female
Tracy Nelson,female
Zaytoven,male
Jerry Douglas,male
V V Brown,female
Trey Lorenz,male
John Travolta,male
Boyd Tinsley,male
Roky Erickson With Okkervil River,male
Twila Paris,female
Dave Navarro,male
Denise Lopez,female
Jeremy Jordan,male
Alan Parsons,male
Josh Thompson,male
Idris Muhammad,male
The Robbin Thompson Band,male
Tyler Hubbard,male
TOBACCO,male
Caron Wheeler,female
Uncle Sam,male
Matt Wertz,male
Matt Costa,male
Lori McKenna,female
Marié Digby,female
Diggy,male
Deluge,male
Nonchalant,female
Mac Mall,male
Don Dokken,male
Charlene,female
Lil Mama,female
Phife Dawg,male
Debra Laws,female
William Michael Morgan,male
Dexter Wansel,male
Randy VanWarmer,male
Jay Reatard,male
Diesel,male
Rachel Platten,female
Lee Roy Parnell,male
Chuck Brown,male
Brian Littrell,male
"Franco ""El Gorilla""",male
Heidi Newfield,female
Joan Rivers,female
How To Dress Well,male
Jayo Felony,male
Matt Morris,male
Luke Hemmings,male
Susanna Hoffs,female
Kellie Coffey,female
Gene Chandler,male
Rachel Proctor,female
Sarah Kelly,female
Charlie Dore,female
John Waller,male
Lucy Woodward,female
Rosemary Clooney,female
David Laflamme,male
Collette Smith,female
Gary Morris,male
Kristy Lee Cook,female
Sadat X,male
Dottie West,female
Dionne Farris,female
Cliff Richard,male
Freddie King,male
Shirley Brown,female
Youth Lagoon,male
Jaco Pastorius,male
Billy Bragg,male
Glenn Lewis,male
Pepe Aguilar,male
YBN Nahmir,male
Yael Naim,female
Himesh Patel,male
Chad Brock,male
PeeWee,male
Rockie Robbins,male
Mickey Gilley,male
Perfect Stranger,male
Justin Nozuka,male
Yusef Lateef,male
Zendaya,female
John Popper,male
LOONA,female
NATTI NATASHA,female
mike.,male
